sample_id,target
ID1001187975__Dry_Clover_g,2.869779478705669
ID1001187975__Dry_Dead_g,25.1761494313753
ID1001187975__Dry_Green_g,23.10704298555229
ID1001187975__Dry_Total_g,51.15297189563326
ID1001187975__GDM_g,25.976822464257964
