sample_id,target
ID1001187975__Dry_Clover_g,1.634176954627037
ID1001187975__Dry_Dead_g,25.79684968292713
ID1001187975__Dry_Green_g,32.10996662080288
ID1001187975__Dry_Total_g,59.54099325835705
ID1001187975__GDM_g,33.744143575429916
