sample_id,target
ID1001187975__Dry_Clover_g,6.095997214317322
ID1001187975__Dry_Dead_g,31.440001606941223
ID1001187975__Dry_Green_g,25.189374327659607
ID1001187975__Dry_Total_g,62.72537314891815
ID1001187975__GDM_g,31.28537154197693
